Steps,Policy/Entropy,Environment/Cumulative Reward,Environment/Episode Length,Policy/Extrinsic Value Estimate,Policy/Curiosity Value Estimate,Policy/GAIL Value Estimate,Policy/Extrinsic Reward,Policy/Curiosity Reward,Policy/GAIL Reward,Losses/Value Loss,Losses/Policy Loss,Policy/Learning Rate,Losses/Curiosity Forward Loss,Losses/Curiosity Inverse Loss,Losses/GAIL Loss,Policy/GAIL Policy Estimate,Policy/GAIL Expert Estimate
30000,1.4216268,0.0848828108072008,896.1724137931035,0.029535739,0.122078694,0.20748506,-0.05836436152458191,4.1406436786055565,8.35383949960981,0.019507365,0.031893797,0.000299437,0.23034196,0.2218616,2.4687421,0.38416442,0.60484374
60000,1.4282889,-0.060155532456216555,866.8611111111111,0.008404243,0.21812522,0.9045268,0.08139432966709137,1.6748422450489469,10.124560991923014,0.019342981,0.03258728,0.00029861447,0.06422218,0.25043288,1.2515911,0.38051322,0.6096807
90000,1.4292015,-0.3969293439646101,912.9705882352941,-0.05441821,0.118628904,1.0464298,-0.3969471209189471,0.8779466073302662,9.452395930009729,0.007924053,0.034607727,0.00029773667,0.037378687,0.24424876,1.1358969,0.361823,0.6332288
120000,1.4311737,-0.20483118624406416,890.71875,0.06891927,0.07627884,1.0743496,-0.2289091691826329,0.5770226495735573,9.181476672490438,0.008078561,0.03133309,0.00029686737,0.026664486,0.22675443,1.0981865,0.36024275,0.64903617
150000,1.4339267,0.03836576805250453,828.7142857142857,0.0961131,0.04942088,1.0817152,0.07478228912634008,0.38330910311025734,8.19102178251042,0.0060235094,0.03283525,0.00029596858,0.019756656,0.215183,1.0042448,0.34600464,0.6655438
180000,1.444838,-0.8928181240088165,969.969696969697,0.011606402,0.03969409,0.955699,-0.9018471468897427,0.36776876986465035,9.105428969158845,0.003803029,0.034753,0.00029503697,0.016132554,0.20135818,0.9613295,0.331261,0.6935709
210000,1.4533607,-0.555367678957766,921.5483870967741,-0.041945986,0.037394922,1.133964,-0.5405534148216248,0.3130219794809818,9.884199861685435,0.0071578324,0.029769361,0.0002941489,0.014898337,0.19223201,1.0617522,0.37539375,0.6605863
240000,1.4404111,0.4000526909983723,801.2368421052631,0.09474653,0.038324613,1.1181294,0.3641588718463213,0.2412461725374063,8.849721575394655,0.015839502,0.031226305,0.00029325532,0.013686171,0.20732881,1.0619935,0.39297593,0.65754026
270000,1.4520696,-0.07325552508458107,841.3055555555555,0.08115681,0.027769128,1.1361063,-0.046788666929517476,0.2570136801472732,8.566199122156416,0.011132415,0.031878058,0.0002923458,0.013291448,0.23248065,0.9859328,0.36261615,0.68561935
300000,1.4650983,-0.5098726686573531,914.4242424242424,0.022068981,0.024642617,0.92861545,-0.5242765370537253,0.21788888304110834,8.181935766163994,0.0049611856,0.029550914,0.00029144916,0.010878133,0.2556993,0.8885591,0.3205209,0.72189295
330000,1.4616399,0.25846476302831434,872.4117647058823,0.062629886,0.02793745,0.9659462,0.2965877995346532,0.2053839719402745,7.756840395204948,0.0110003045,0.034398545,0.0002905427,0.010887452,0.26851168,0.85260075,0.31426764,0.7444122
360000,1.4602458,0.6513948016972312,797.2105263157895,0.1491155,0.028298939,1.0691627,0.6090614734551846,0.19564559468283102,7.470097512770922,0.020030515,0.03286071,0.00028965843,0.011382044,0.24987957,0.9174424,0.34151247,0.71880805
390000,1.4846463,0.5008684708656418,766.2105263157895,0.20292304,0.024644844,1.048421,0.5468215539648726,0.16700552741216645,7.263110784260002,0.014096462,0.031985242,0.00028875459,0.010245214,0.2624641,0.9391933,0.35050026,0.7035463
420000,1.5031723,-0.15999422147038525,855.7428571428571,0.08558048,0.023049219,0.9160279,-0.16285722936902727,0.1665775378899915,7.623479848248618,0.0070787794,0.030709306,0.00028783237,0.008965714,0.3080347,0.87448287,0.31767794,0.7209717
450000,1.5351479,0.8837610403400216,753.9756097560976,0.27676395,0.026198367,0.93397653,0.8862048227612566,0.15161490440368652,6.602304552113864,0.012272867,0.034574125,0.0002869414,0.009401497,0.32163557,0.87393975,0.31884894,0.72606415
480000,1.5373104,0.39873944895842933,836.1818181818181,0.14770177,0.026698684,0.9513679,0.3517351886805366,0.19179577194154263,7.478215838179869,0.016276011,0.03266874,0.0002860511,0.010932229,0.32239124,0.8997729,0.32692698,0.7080731
510000,1.5581794,-0.6030881691767718,933.8529411764706,0.03150327,0.023971055,0.83478236,-0.5910728086124767,0.20154202317423892,7.778133522380482,0.004631731,0.031074971,0.00028517767,0.010242912,0.3617288,0.8609652,0.30178282,0.7202856
540000,1.6321968,0.5714000761488731,796.6944444444445,0.15270042,0.023084017,0.8985408,0.5289404891632699,0.19432700364976316,7.280052075514922,0.00931732,0.033136204,0.00028425615,0.011202514,0.37373,0.883746,0.31960613,0.7125985
570000,1.6999053,0.4291282623274198,813.0512820512821,0.22924528,0.022431523,0.93320036,0.4667315185070038,0.17841337406762728,7.0927866003231,0.013231014,0.031543087,0.00028335364,0.010619663,0.40757087,0.89690727,0.32715753,0.7077828
600000,1.6750715,0.6724103191499569,787.7692307692307,0.20099881,0.020936368,0.8703311,0.6306049540638924,0.14445397441741079,6.329248096048832,0.009765135,0.03225475,0.00028245233,0.008548431,0.419529,0.8370601,0.29523808,0.72707623
630000,1.731737,0.08013553226614491,853.9677419354839,0.10210519,0.019932324,0.87115353,0.08013542813639488,0.17463189213266295,7.4824490028042945,0.009904201,0.032695446,0.00028155846,0.009628153,0.45372978,0.8576911,0.29842174,0.719389
660000,1.7381579,0.4330238611243355,806.047619047619,0.17502248,0.021061584,0.91278213,0.470409672434737,0.1717291209937596,6.756048847989338,0.0100122,0.03283266,0.00028066983,0.01012064,0.4677407,0.87139946,0.30521846,0.7068186
690000,1.8460191,0.9285314910916246,770.1142857142858,0.25543407,0.025565872,0.9282025,0.8721888247463438,0.16940295230597258,6.346318314472835,0.019225579,0.03529413,0.0002797748,0.010291302,0.49275038,0.8458134,0.29584968,0.7129405
720000,1.8405468,-0.5502847914044238,966.8181818181819,-0.010486956,0.023154367,0.6991389,-0.536243824288249,0.220443116966635,6.514505982398987,0.0075125247,0.03264248,0.0002788442,0.01105842,0.5479279,0.73396623,0.2482008,0.7434102
750000,1.8131726,1.0207948104687508,754.2105263157895,0.15322804,0.029916411,0.8487299,1.0208052302661694,0.1965083621050182,5.655119660653566,0.013475285,0.03196424,0.0002779461,0.012564839,0.4908861,0.81273335,0.27556816,0.7162862
780000,1.8536994,-0.15845877309252768,868.7647058823529,0.11567849,0.02589829,0.81535697,-0.18250293901988437,0.21485156419969695,6.8183328426309995,0.009062083,0.030885933,0.00027704213,0.011507313,0.563755,0.7919104,0.266713,0.7248284
810000,1.856021,0.6999463882462672,798.6341463414634,0.21614538,0.027299855,0.8234616,0.742429880797863,0.18840996662620454,6.228760015964508,0.02080433,0.03077089,0.0002761335,0.011589181,0.49405086,0.81569237,0.27922016,0.72276
840000,1.8680779,0.965834353385227,810.0,0.297939,0.03521782,0.82213926,0.9112443758381737,0.20264993341859533,6.302202355323566,0.019418182,0.032496396,0.0002752382,0.011857615,0.54083437,0.80220497,0.27306283,0.72155356
870000,1.8022485,1.3699909699260553,663.0,0.41980916,0.02392034,0.8110759,1.3699908771298148,0.14534901662475683,4.466599277474663,0.01643029,0.032493588,0.00027433017,0.010300467,0.38890868,0.7347774,0.24891521,0.7426252
900000,1.8238952,1.6646000419586555,630.204081632653,0.5995915,0.015030946,0.8997354,1.6645999477834117,0.1427843832905043,4.7921367889764355,0.01762067,0.034050297,0.0002734559,0.010817225,0.4183951,0.7893009,0.27092546,0.72542393
930000,1.8354925,0.07994712578853497,856.8823529411765,0.054303274,0.01857528,0.74238026,0.11267268296444055,0.1714178625155579,5.799149300112869,0.012079771,0.03418325,0.00027254454,0.010006446,0.508426,0.7206376,0.24417016,0.750184
960000,2.0167437,0.337000060672596,819.5526315789474,0.100569144,0.02298265,0.73816913,0.3369946966045781,0.19802238493177451,5.920973730714698,0.009079666,0.030583998,0.00027164986,0.011306822,0.6430704,0.7565437,0.2546839,0.73404104
990000,2.0037222,1.4342714937412806,678.8571428571429,0.34548268,0.02158302,0.83676106,1.3776650373325792,0.15607622889585274,4.834283691506053,0.016751384,0.032607812,0.0002707499,0.011021702,0.64463496,0.7503083,0.25462216,0.7401939
1020000,1.9877206,0.6924769566409313,795.9230769230769,0.19663255,0.022505246,0.7286395,0.7370104068203976,0.17063255987963394,5.211983139577665,0.010808817,0.034146193,0.00026985706,0.010606378,0.60409254,0.70471126,0.23715802,0.74978137
1050000,2.0367098,1.01863435324797,788.5428571428571,0.21788108,0.026280405,0.7613816,0.9625666273964776,0.1728986910958257,5.329402868946393,0.013657708,0.031415302,0.00026897175,0.010615492,0.6720744,0.6989976,0.23199445,0.75853413
1080000,2.0599024,1.9454250556415598,649.125,0.5682211,0.030213956,0.89996463,2.008089303970337,0.15450876166528843,4.757018089294434,0.02380237,0.033610303,0.0002680702,0.011660242,0.67200047,0.7514991,0.25417218,0.74244416
1110000,2.0040925,2.0867556244718597,575.0925925925926,0.8260339,0.028201386,0.8341951,2.0867444331999176,0.1415348460432142,4.592301930542345,0.024566483,0.029691944,0.0002671785,0.011999114,0.62443775,0.7741311,0.26429492,0.7381882
1140000,2.0878959,2.05054123465579,585.5882352941177,0.84278655,-0.0010479656,0.6754857,1.991892288510616,0.16080314895281425,4.069691005807656,0.02827509,0.028651444,0.0002662708,0.012950801,0.67773056,0.72799426,0.24788548,0.75474465
1170000,2.0876868,1.452702657771461,707.5128205128206,0.46028835,0.01681219,0.6115611,1.4527025452026954,0.17370915337680623,4.69319426936981,0.02333158,0.03291675,0.0002653603,0.012209687,0.66576016,0.6712622,0.22087018,0.76559794
1200000,2.1864839,1.7018480538480798,626.86,0.68408793,0.01340846,0.5474892,1.7018479323387146,0.16486198246479034,3.9380363386869432,0.027303794,0.029865602,0.00026445236,0.012617571,0.6957371,0.6547762,0.21864288,0.7747742
1230000,2.5348976,1.558187034122808,646.9782608695652,0.62101275,0.0021149903,0.46676576,1.6150355736414592,0.17218007083154388,3.7231890943315293,0.020330546,0.033160668,0.00026353775,0.013084387,0.9246367,0.6242019,0.20424056,0.78545004
1260000,2.537458,1.3916255499906913,634.8297872340426,0.6561655,0.012173192,0.4192998,1.3916169519120074,0.16197919189692178,3.853314532878551,0.022098444,0.03088365,0.00026264877,0.012785896,0.939341,0.6289079,0.20854741,0.79113525
1290000,2.4890633,0.5897526912908928,795.7105263157895,0.23619245,0.02235283,0.45762986,0.5489998979446216,0.20981796539555758,4.503471631652269,0.019753706,0.03256759,0.00026176104,0.01255948,0.91820633,0.56672376,0.18787636,0.80978215
1320000,2.6538475,1.420966739104534,701.5,0.35367978,0.030128479,0.5398769,1.480004871763834,0.19142810843612362,4.282261692169236,0.017169131,0.03195824,0.00026083612,0.013385313,1.0056355,0.58637077,0.18897979,0.8022959
1350000,2.6228611,0.7046789930529102,828.1052631578947,0.23659366,0.026947223,0.4595008,0.6609794252958053,0.2251182253448627,4.82685002990258,0.018225191,0.031453773,0.0002599333,0.012974462,0.97951835,0.5569368,0.18531789,0.81554633
1380000,2.722187,0.8812211437823287,770.0263157894736,0.30911797,0.029074783,0.48912734,0.9320486107388058,0.2191555219375201,4.804961790909639,0.020955639,0.028707787,0.0002590183,0.014083001,1.0125521,0.6089299,0.19415863,0.79769206
1410000,2.5782943,2.077480832378709,584.8269230769231,0.86734164,0.032903567,0.5235224,2.0194263975575284,0.17518694229634865,3.9600074847914137,0.023421098,0.032144025,0.0002581366,0.014299244,0.84776485,0.62594604,0.20904917,0.78867143
1440000,2.6253722,2.4950630510785334,553.8703703703703,0.8812449,0.028212007,0.6254688,2.560996229918498,0.161678031130852,3.535835515549582,0.027077565,0.03069839,0.00025723974,0.014474669,0.870918,0.62898105,0.20899677,0.7898948
1470000,2.5877523,2.1225149952159437,631.6595744680851,0.67937213,0.021880101,0.67553866,1.995914876461029,0.19931094923076478,3.987650195968912,0.02774088,0.032436553,0.00025635294,0.014918781,0.8029079,0.6160855,0.20239316,0.791533
1500000,2.681829,1.6465250659933492,637.7083333333334,0.8236458,0.01437548,0.86481464,1.7704999881486099,0.18558884119071686,4.122319924334685,0.023777215,0.03248979,0.00025545157,0.014822947,0.8338182,0.61320055,0.201537,0.7952283
1530000,2.8860939,1.431107759301085,708.6410256410256,0.48207006,0.010086827,0.76164436,1.3703299805521965,0.20283162402920424,3.79208927154541,0.022398857,0.0309031,0.00025455697,0.0141476,1.0321329,0.5731518,0.17935139,0.798916
1560000,2.7249277,1.9819616259944899,593.8461538461538,0.69943047,0.018851241,0.949682,2.0404156808759653,0.18387857102104188,3.6811819944311592,0.025181614,0.03187796,0.00025363872,0.015289332,0.9668887,0.6000394,0.19980253,0.8011299
1590000,2.6569226,2.549303390787827,524.6,0.8992159,0.008049123,0.9877137,2.5493132879336673,0.15903246885476013,3.376475481192271,0.029393077,0.030199613,0.00025274616,0.014674769,0.9412768,0.6270271,0.20552148,0.79208046
1620000,2.6731696,1.9538955306035695,644.8863636363636,0.7326292,0.011898929,0.9285764,1.828331780704585,0.2057194646701894,4.052734870802272,0.03228055,0.029358497,0.00025183833,0.0151796825,0.92233974,0.59529054,0.19066654,0.7983844
1650000,2.6948874,2.6186800661843637,511.8666666666667,0.89891106,-0.0043209484,1.0872886,2.6499311454960557,0.14831296913325787,3.4625437723808603,0.037692796,0.0352164,0.00025091702,0.014044562,0.9202775,0.63882554,0.20723929,0.78903306
1680000,2.8581245,2.340957516229382,619.531914893617,0.83163226,-0.0073436536,1.0220292,2.340957410792087,0.17246215695396383,3.827197679813872,0.032650683,0.03273575,0.0002500214,0.013828773,0.98180807,0.60807556,0.19613305,0.7938551
1710000,2.7640588,2.8621810093094293,511.3015873015873,1.0766991,0.006737885,1.1667925,2.924464479569466,0.15305310423155466,3.2138880327824624,0.03955438,0.033897113,0.00024913822,0.015150586,0.8918512,0.61424434,0.19957267,0.7970134
1740000,2.8259,3.083056306613571,426.859375,1.3375443,0.01349461,1.2970598,3.0008531268686056,0.13110163625970017,2.6161007923074067,0.03160202,0.03280415,0.00024823524,0.014565034,0.9403935,0.5872787,0.19020322,0.8033465
1770000,2.8193505,2.517793723431486,497.06349206349205,1.2427315,0.016138526,1.2571334,2.6013110762550715,0.14562695568043088,3.124514614305799,0.03979212,0.034031197,0.0002473354,0.014265269,0.9380834,0.5839643,0.19136366,0.8063046
1800000,2.8059223,3.241657653011895,445.25757575757575,1.339078,0.014761435,1.3473061,3.17834925473626,0.14395299390542196,2.7733108535853783,0.055343207,0.035711024,0.00024643916,0.016005818,0.89743674,0.61692166,0.20237699,0.794802
1830000,2.7305892,3.640415454417682,390.7564102564103,1.472022,0.025128268,1.2251133,3.640415383455081,0.1333058214483735,2.473621492775587,0.05390032,0.033166703,0.00024554456,0.016820539,0.8171704,0.61037934,0.20303829,0.79836524
1860000,2.6157215,3.4653282436842208,378.64102564102564,1.6477244,0.033245392,1.2967719,3.5233168470395078,0.1233458557368752,2.460711391013745,0.04447828,0.031489026,0.00024463964,0.016296703,0.733021,0.60672283,0.1993899,0.7971275
1890000,2.7538424,3.230453588696677,420.77464788732397,1.483951,0.03374864,1.077633,3.1717000015907817,0.14186143882883093,2.5236249797874026,0.04978793,0.032678965,0.00024375226,0.016396564,0.8559697,0.5662539,0.1872187,0.8106263
1920000,2.7730248,2.4092333922273137,545.1666666666666,1.151006,0.040089745,0.7690497,2.4092333051893444,0.17898545493544252,2.864558873353181,0.03336362,0.031913582,0.000242871,0.016343089,0.79325145,0.5465701,0.17532748,0.81502426
1950000,2.7349007,2.8513111704542387,479.41269841269843,1.1828066,0.048888955,0.87026095,2.8513110932849703,0.16226847427860197,2.5563818372431255,0.03227206,0.033341665,0.00024196328,0.016313769,0.84359735,0.5097467,0.16555572,0.8314283
1980000,2.6108925,3.4883441946921643,444.4852941176471,1.3434044,0.060393065,1.3601521,3.4883440995917603,0.14136294072137817,2.72773339555544,0.06300956,0.036109407,0.00024105428,0.01572421,0.69628227,0.5809375,0.19424039,0.8130593
2010000,2.7347376,2.9752508056525544,440.1641791044776,1.3478765,0.055132687,1.1516149,3.0354757778572314,0.14546446318766384,2.444167184558782,0.05106128,0.03733152,0.00024014364,0.016543174,0.7627829,0.52948415,0.17276597,0.8219619
2040000,2.7274644,3.313723329221431,419.54794520547944,1.17742,0.053339045,1.0063726,3.2329780786004787,0.1477973041928386,2.5767594249281163,0.047895856,0.03125558,0.00023922784,0.016918842,0.6941944,0.5394664,0.1773414,0.82413906
2070000,2.6916902,3.3655231409491253,379.78205128205127,1.5761203,0.05554124,1.1672397,3.3848810173288175,0.14125140862468677,2.267967514599426,0.056289654,0.03472784,0.00023833025,0.018373717,0.7328555,0.57444614,0.18581809,0.8099307
2100000,2.813687,3.213033830349004,391.2207792207792,1.6470166,0.052989487,1.0841035,3.213033780649111,0.14579867034569963,2.106816002397568,0.043767493,0.03484385,0.00023744466,0.01844755,0.80282277,0.52907807,0.17821833,0.8263646
2130000,2.7766833,3.4278685575379426,393.1095890410959,1.3835437,0.06787026,1.0021161,3.412705553074678,0.15140791565904188,2.400132805109024,0.044193957,0.03066496,0.0002365612,0.018704759,0.75896865,0.5403274,0.17359604,0.8204365
2160000,2.909733,2.9533943302343166,427.07142857142856,1.3949105,0.08079481,1.002414,2.9754534565227133,0.15261081044732686,2.2087616851212273,0.0411557,0.030497411,0.00023568106,0.017860357,0.8884016,0.5072106,0.1640158,0.830499
2190000,2.8548055,3.2979683295272437,387.6707317073171,1.4534774,0.072288774,1.2049094,3.3510271428543845,0.14695459699695124,2.165515508548713,0.054510154,0.031749215,0.00023475957,0.018851275,0.8295968,0.50945944,0.16043137,0.8362456
2220000,2.8414865,3.503426138899817,397.05797101449275,1.3321503,0.083080254,1.1560574,3.421304358088452,0.1574353315408571,2.3175783517999924,0.055107288,0.029749004,0.00023384173,0.018860597,0.83746994,0.52386975,0.17344277,0.8287614
2250000,2.8685126,3.188407952157592,417.14473684210526,1.4916843,0.11046234,1.166564,3.264276270803652,0.14003042923286557,2.1044619138303555,0.03686011,0.03309274,0.00023294227,0.017132968,0.8262645,0.49247438,0.1590243,0.8366829
2280000,2.9036987,3.565544616247784,343.2289156626506,1.5546454,0.12546267,1.4864633,3.5100094846316745,0.13500922528051196,2.0938724683863774,0.064099446,0.032965276,0.0002320527,0.01904933,0.7744927,0.5364245,0.17868887,0.8255505
2310000,2.8909893,3.908337452042774,316.07070707070704,1.8907619,0.15376972,1.958567,3.8988653342334594,0.12258278517698755,1.8371137175328878,0.084142506,0.029987494,0.00023114265,0.019073348,0.76347244,0.528524,0.1746113,0.8268343
2340000,2.953298,3.1008187140763037,412.94666666666666,1.5700866,0.110416375,1.6489403,3.178637318611145,0.14627663063506285,2.099554646809896,0.056919977,0.030386401,0.0002302322,0.01783019,0.7584304,0.47369415,0.15187794,0.84189916
2370000,3.0669804,3.448982556840747,353.825,1.6732988,0.07711993,1.7723314,3.3749049700796605,0.13337085235398263,2.013730553537607,0.06162372,0.030132484,0.00022935541,0.017796928,0.79045135,0.4870764,0.16083519,0.8442873
2400000,2.9734313,3.514845382189378,400.2,1.544927,0.07775199,1.6479443,3.5334184169769287,0.1381265613691587,2.030796939409093,0.06415463,0.03208023,0.00022847428,0.01708666,0.78563046,0.48786893,0.15690038,0.8365997
2430000,2.9684634,3.6307488249438435,359.8780487804878,1.6732885,0.059877243,1.7051574,3.6307487167963166,0.1255509923467776,1.8792552321058948,0.07284483,0.03444836,0.00022758132,0.017335294,0.73599535,0.46508616,0.15077949,0.84654033
2460000,2.9795988,3.047686636798673,436.3731343283582,1.3925416,0.055948507,1.3256649,3.0476865786225047,0.1375662240046841,2.1775139205491363,0.051314138,0.029608896,0.00022667613,0.015416522,0.776142,0.43798858,0.14081709,0.8556223
2490000,3.039448,2.2906146228056805,524.7272727272727,1.0776755,0.047878392,1.1061759,2.243211097187466,0.1661042201988123,2.816283766594198,0.038607683,0.032759793,0.00022574856,0.015619272,0.8616075,0.44632965,0.1450554,0.8580921
2520000,3.067563,3.185800058025798,409.46153846153845,1.3148874,0.083591156,1.2258393,3.195728220236607,0.142266587067682,2.0306408915382166,0.057840466,0.030109676,0.00022483153,0.01748787,0.8336929,0.46213934,0.15026101,0.8483452
2550000,2.9810805,3.640644736875444,358.50588235294117,1.7530466,0.12307776,1.5758865,3.645706887855086,0.13211381600000138,1.8546942654823841,0.05364556,0.032277282,0.00022392586,0.0180119,0.7906062,0.45628226,0.14895047,0.8538918
2580000,3.0588923,3.633200049254635,345.3855421686747,1.7793891,0.10409054,1.343818,3.633199979023761,0.13110054590660764,2.0118160572755768,0.051077086,0.032815315,0.00022305691,0.018624255,0.8006101,0.47057226,0.15100473,0.8476982
2610000,3.0584686,3.070578850156656,466.3030303030303,1.2149134,0.09032608,1.092274,3.1331968949391293,0.18387181194355853,2.096149017948371,0.047729567,0.029884478,0.00022217575,0.019728068,0.80466896,0.43078518,0.13988712,0.8561976
2640000,3.0246022,3.363880580451601,378.038961038961,1.5624156,0.12545799,1.2314346,3.294646755441443,0.1532953894733415,1.7316546418837138,0.04638373,0.03633221,0.00022125292,0.019718546,0.7203153,0.43665645,0.14475878,0.85860413
2670000,3.101871,3.236440601022804,404.52702702702703,1.3475038,0.07615919,1.0155194,3.2510400128364565,0.166899951522549,2.006315350929896,0.0516758,0.031343523,0.00022036127,0.020388694,0.80777764,0.43384808,0.13943142,0.8602881
2700000,3.0085907,3.7156084047575555,337.6875,1.8213065,0.10657037,1.3172146,3.7033410643276414,0.1520254106701989,1.5867077253366773,0.051153384,0.031664677,0.00021945826,0.022081194,0.71373844,0.44072485,0.14407852,0.8571902
2730000,3.1367512,3.755154710696855,358.5733333333333,1.7220776,0.118152685,1.1452327,3.754898632367452,0.15575795356184244,1.6542456066608429,0.048630074,0.030284384,0.00021855276,0.021215376,0.72318447,0.40788105,0.13397682,0.8650989
2760000,3.0725102,3.5143476617804916,375.32142857142856,1.6160525,0.1256646,1.3603886,3.530651737661923,0.16362017088514916,1.786291362958796,0.057831414,0.029786065,0.00021764418,0.021839434,0.6763198,0.43517542,0.13898106,0.8582266
2790000,3.0503848,4.051043066849102,338.35483870967744,1.918577,0.14370203,1.5906768,4.046202168516491,0.16292596691915684,1.785970781646345,0.08013749,0.03040686,0.00021672064,0.024165371,0.6781161,0.47683537,0.1607931,0.8469019
2820000,3.0539548,3.813495309258932,339.25,1.8716446,0.1749434,1.6961892,3.8789238312414716,0.1498585832970483,1.6838763771312577,0.056633078,0.029759139,0.00021585269,0.022136418,0.6368054,0.4411452,0.14267884,0.857023
2850000,3.0163949,3.834806575630469,323.0108695652174,1.874661,0.15680316,1.6683087,3.782823636967649,0.16620568055859816,1.621859844012927,0.055475347,0.030795211,0.00021494932,0.024689117,0.6382202,0.4431401,0.1439279,0.85614884
2880000,2.981727,3.3882480516377838,402.8,1.5160618,0.13873073,1.505015,3.388248005708059,0.19861411340534688,1.6614404191573462,0.059430238,0.029868852,0.00021404929,0.02414737,0.6300465,0.39120162,0.126716,0.8718122
2910000,3.043661,3.6772361775468503,385.75,1.4974229,0.1406977,1.5180347,3.677236124045319,0.19735045539629129,1.6352825110985174,0.060572807,0.032625034,0.00021314477,0.025201747,0.70275444,0.39052242,0.12766758,0.87381643
2940000,3.0768037,3.6777934690749983,324.6703296703297,1.7330102,0.17012416,1.7406288,3.67779341503814,0.17285352171101903,1.508965769189072,0.06459518,0.033859607,0.00021222046,0.02624139,0.67293495,0.4115062,0.13137397,0.86490697
2970000,3.122496,3.4520609144394414,340.5978260869565,1.7144368,0.12948862,1.4704689,3.4354812922058526,0.17606018780433869,1.404362556862307,0.0571959,0.032158174,0.00021133738,0.025141798,0.6931718,0.386532,0.12398381,0.8724728
3000000,3.0647266,3.7684021369724783,307.8020833333333,2.073557,0.12917043,1.7083486,3.7806948349647915,0.1501741427736184,1.4144910027071373,0.053246602,0.0306076,0.00021043158,0.024205822,0.6848965,0.4056353,0.13181113,0.8668095
3030000,3.1070297,3.5922988750405187,355.05882352941177,1.684762,0.12281004,1.3511909,3.646966639728773,0.18726835202514416,1.5270273483225278,0.06131306,0.03289072,0.00020954438,0.026490573,0.68638605,0.387238,0.1286824,0.87737393
3060000,3.0739105,3.7398667258329668,350.89285714285717,1.7961906,0.11115174,1.3984047,3.684105878717759,0.184156915194848,1.5358799872152946,0.05409653,0.032526877,0.00020865309,0.02548474,0.685963,0.38899198,0.12748824,0.873197
3090000,3.1011198,3.735116745477626,319.25,1.9979466,0.14095642,1.4517407,3.7282526568362586,0.177795268752073,1.3349658095522932,0.05551326,0.031671736,0.00020773722,0.027507152,0.70256495,0.38963315,0.12762438,0.8726539
3120000,3.0733755,4.111405597508026,276.6296296296296,2.0703044,0.16370994,1.2801267,4.1098926056314395,0.15729709490443822,1.317046424580945,0.05931025,0.031207373,0.00020684913,0.02848622,0.6535266,0.40930492,0.1332964,0.8694252
3150000,3.084777,3.9221936157017057,307.1182795698925,1.8420717,0.16384326,1.2153698,3.91820433831984,0.1766956643031169,1.3745650946292827,0.06666959,0.035453573,0.00020595937,0.027225805,0.580716,0.40380758,0.13448633,0.8701421
3180000,3.1715512,3.5362630817190106,340.0108695652174,1.8275075,0.16836321,1.1356076,3.551159131911493,0.17214967160465655,1.2496692060382777,0.049663905,0.03212024,0.00020504899,0.025658866,0.6440196,0.35971466,0.11689141,0.8835649
3210000,3.0322392,4.194621727658402,247.14166666666668,2.3019118,0.23876426,1.5107709,4.23910757423449,0.13713304422983602,1.0751514883101487,0.06621295,0.027891306,0.0002041467,0.028005889,0.59695774,0.3977762,0.13136333,0.8695754
3240000,3.1131845,3.9838952257528786,274.59223300970876,2.0717301,0.18286686,1.4543917,3.9350192627081504,0.14885114004405645,1.1982839242197,0.056967963,0.033584103,0.00020323998,0.025691954,0.62977916,0.38887683,0.12655924,0.8748707
3270000,3.1034687,3.7632343308287783,294.9809523809524,1.9840145,0.11191556,1.3857117,3.7552538668880096,0.1493367269823256,1.222420719380562,0.063959055,0.03301001,0.0002023484,0.025270445,0.5813999,0.39239195,0.12714443,0.871961
3300000,3.057033,3.825139274906998,312.30392156862746,1.9963201,0.092117,1.2689393,3.8809549265048084,0.1664893872072628,1.3574915708718347,0.051983777,0.031926997,0.00020146664,0.026785942,0.6117744,0.37197164,0.1232015,0.88241756
3330000,3.0651364,4.299922869488287,252.8859649122807,2.1564186,0.10514635,1.0912569,4.25069654353878,0.139007869397143,1.106149890574447,0.07106107,0.02972155,0.00020057702,0.026348371,0.5946637,0.39003122,0.12789287,0.87357
3360000,3.0624053,3.7155011371687188,327.7204301075269,1.9681106,0.106651984,0.95067513,3.774761300574067,0.15271046780730768,1.1978680909641328,0.047789607,0.03136992,0.00019968417,0.023574801,0.52175313,0.3455542,0.11235202,0.88581246
3390000,3.1303475,4.021442884372456,267.91964285714283,2.112775,0.11789975,0.81188875,3.972617817776544,0.13374455066929972,1.1218844508486134,0.05150185,0.034076653,0.0001987608,0.024289886,0.54969865,0.3736733,0.12134812,0.87804985
3420000,2.9738472,4.425195853613293,206.26573426573427,2.4118695,0.19150907,0.77138585,4.425545427349064,0.11268890414621446,0.9393359941098239,0.059371576,0.028356133,0.00019785984,0.026999665,0.51948804,0.41634277,0.1399158,0.8667563
3450000,3.0212672,3.815539274507661,278.7843137254902,2.0257797,0.21640839,0.6431073,3.8143489869201885,0.12732958647550321,0.996073637595948,0.041412074,0.03399829,0.00019695768,0.022659829,0.49460438,0.3447578,0.109112956,0.88488847
3480000,3.0630016,4.0653415194379425,250.96747967479675,2.2643454,0.21281716,0.64398116,4.063295961880103,0.12589833110086318,1.01797329139237,0.051203158,0.03110702,0.00019604505,0.024681805,0.51635796,0.35703367,0.11771789,0.88449764
3510000,3.0511894,4.061914851008433,269.4695652173913,2.2238004,0.201294,0.5076124,4.112280016878377,0.1322388970333597,1.0451458611728057,0.054085273,0.032223728,0.0001951717,0.024614958,0.52034444,0.3702259,0.12331681,0.8830147
3540000,3.0390227,3.6939930030139614,325.1764705882353,1.755353,0.16819525,0.625511,3.639411653197089,0.15563021268868862,1.176077135340419,0.04379518,0.030645305,0.00019424793,0.022827705,0.5390933,0.33232832,0.10761169,0.89093286
3570000,3.115432,4.212192545334972,236.68421052631578,2.3039482,0.21747266,0.7444825,4.207893962209875,0.11442227059072166,0.9608087196494594,0.053674117,0.03270849,0.00019332637,0.02410947,0.55785954,0.36471206,0.121758334,0.8842373
3600000,3.0335114,3.9583109437374486,291.3267326732673,2.0658193,0.16202463,0.63755816,3.9638495220996366,0.13322244827073104,1.097026715589927,0.049134072,0.032072105,0.00019245618,0.022598386,0.5763449,0.34303573,0.10888501,0.8890312
3630000,3.1029766,3.8893947450098203,269.9646017699115,2.159121,0.15167415,0.7060473,3.935591145426826,0.1301600408567264,1.0068134423510162,0.043407474,0.03254277,0.00019156313,0.023737174,0.58054316,0.33094886,0.1074916,0.89083356
3660000,2.9630997,3.920482386855178,293.3627450980392,2.0422819,0.15210482,0.80634445,3.9253823464992,0.12986991057793298,1.162248827955302,0.05244938,0.031881638,0.00019065029,0.022060527,0.55273813,0.3654843,0.121482484,0.8860134
3690000,2.9645853,4.117260398575786,245.75,2.2051578,0.16670544,0.8702381,4.061567260273572,0.11908235995034719,0.9767944957611376,0.047271613,0.031868882,0.00018976431,0.02292627,0.58650917,0.33803603,0.10921813,0.89030087
3720000,3.027763,3.8062413006429274,305.30927835051546,2.1001236,0.15200177,0.7359792,3.867690740172396,0.12881051484956263,1.2383655668380333,0.06312386,0.032682274,0.00018884816,0.021635871,0.5634752,0.33950183,0.110958494,0.8917961
3750000,3.0249038,3.668951036568329,290.0,2.061585,0.10274163,0.6817471,3.623621381023555,0.1327785517098111,1.082037708713013,0.033953227,0.033533834,0.00018795991,0.021899484,0.61236584,0.3226431,0.10343488,0.8947016
3780000,2.985248,3.9100182158458416,270.9727272727273,2.274397,0.14824139,0.5864344,3.9724935604891645,0.12656060133317332,0.9002564415301478,0.040738188,0.028931666,0.00018705204,0.023967018,0.60410494,0.32616773,0.10660706,0.89546233
3810000,2.982625,3.628479644860582,303.98148148148147,2.0646687,0.17395593,0.7603905,3.612740676160212,0.13983853683910435,1.0536921053986859,0.04049921,0.034496315,0.00018612505,0.0227655,0.59273964,0.3120293,0.09857747,0.8985977
3840000,3.0271974,3.992075750409163,256.6601941747573,2.1473682,0.18807478,0.85022295,3.9421519052523832,0.12978103618997222,1.028881120065657,0.04805323,0.029440053,0.0001852345,0.023702024,0.61943126,0.3310172,0.10567035,0.8944803
3870000,3.0188844,3.855457191465445,280.3392857142857,2.1100059,0.19657815,0.7943814,3.855457135077034,0.13083927984449215,0.8268017145705276,0.042894848,0.03190823,0.00018434486,0.023145648,0.60010815,0.28072336,0.08839411,0.9108997
3900000,2.9800668,3.8040486068753876,294.19417475728153,2.0629802,0.18446983,0.7195033,3.851143139250138,0.12661878039658653,0.8951846408274244,0.04563734,0.03312907,0.00018344843,0.021475319,0.64273554,0.29030177,0.09314835,0.90696186
3930000,2.9340878,4.023903573592083,265.640350877193,2.1497655,0.15028007,0.7822145,3.9755789344770864,0.1296490965116965,0.8768678419291973,0.055163976,0.029175354,0.00018252486,0.023934059,0.54489017,0.29930595,0.096302,0.9045174
3960000,3.0504966,4.348080058637216,200.5,2.4406812,0.16165663,0.8974088,4.346244300263269,0.10740920610592834,0.7810662758137499,0.065934494,0.03221112,0.00018162194,0.02617954,0.5981203,0.3414804,0.11271254,0.89091647
3990000,2.9427218,4.083873375597977,262.84166666666664,2.1900458,0.14044842,0.78429854,4.131926675637563,0.12638999766980608,0.9830814213181536,0.056449734,0.03463765,0.00018075298,0.024539363,0.5572784,0.3323745,0.110142834,0.8942815
4020000,3.0387294,3.946913602056615,263.1621621621622,2.1145802,0.123342834,0.7580743,3.893522543950124,0.13453612726618042,0.9414736687935688,0.0477181,0.03183669,0.0001798422,0.024337415,0.54807895,0.31910378,0.105935924,0.8980117
4050000,2.920249,4.035668438865279,255.85470085470087,2.2925246,0.12602322,0.7628332,4.040264968688671,0.12200293163012745,0.8368887329458171,0.058449388,0.03102939,0.00017893717,0.0235916,0.4822736,0.29872787,0.096215926,0.9053832
4080000,3.1632986,3.4452095635746707,337.20238095238096,1.755678,0.10482438,0.6797407,3.4563082155059366,0.15986472022007495,0.9386526619029396,0.03937906,0.0349158,0.00017805959,0.02324631,0.580045,0.2777925,0.08742503,0.9075503
4110000,3.0968401,3.7422796878752167,285.60185185185185,1.9574457,0.09856095,0.75114065,3.7332934675929703,0.15005876418098668,0.9216491871591762,0.04074664,0.029934121,0.00017716248,0.025468271,0.597606,0.28187272,0.090211734,0.90987206
4140000,3.1035552,3.713241278420421,305.4639175257732,2.0047836,0.117073745,0.76352286,3.723348961800945,0.15579607535381707,1.0591153213944362,0.045461774,0.031537395,0.0001762357,0.025274057,0.62674147,0.3078612,0.09785036,0.90127975
4170000,3.0486479,4.041068483084178,271.2894736842105,2.1609356,0.122134656,0.80352706,4.041357512495159,0.13423510109263975,0.8757728164174915,0.055981047,0.032200452,0.00017534432,0.025002958,0.5875902,0.29078266,0.09642753,0.9092055
4200000,3.1048043,3.6800849529268507,282.3301886792453,2.2221982,0.10004258,0.9376928,3.7329924427113443,0.13263266308690017,0.923671413845611,0.04486776,0.028207758,0.00017444188,0.022760427,0.5428658,0.28431362,0.089959405,0.9069528
4230000,3.1446455,3.425119609179408,311.0,1.8889798,0.07775054,0.8718028,3.3710881638270553,0.14111386381730598,0.8869123781745832,0.041751,0.03276592,0.00017351996,0.021688472,0.5306456,0.25644273,0.08020638,0.9177546
4260000,3.0677829,3.8161910406205286,285.72972972972974,2.1353004,0.09629219,1.0494366,3.8599745273590087,0.1315004695376212,0.831042318968949,0.055757053,0.03132018,0.00017264193,0.023027284,0.49679932,0.2694111,0.084801994,0.91128993
4290000,3.0508573,3.874169962220533,253.30973451327435,2.1041775,0.091230035,0.90916777,3.8235292039086333,0.12329236995758472,0.7765919659781245,0.050155893,0.031388327,0.00017175381,0.023736792,0.4676867,0.2785799,0.09009342,0.91206175
4320000,3.1401625,3.7882280721182,286.6355140186916,2.0631359,0.093084976,0.982317,3.786248530182883,0.14140606098851868,0.7953820032520202,0.0502679,0.032164108,0.00017083732,0.023873094,0.49811855,0.26263273,0.08441762,0.9147748
4350000,3.0576346,3.9927532791196194,244.3709677419355,2.2903385,0.082276225,1.0391159,4.040609682759931,0.11954984337752385,0.7837693188339472,0.060842488,0.034875676,0.000169942,0.024504514,0.44035614,0.28100646,0.09007308,0.9091033
4380000,3.1227386,3.792064650947547,302.9791666666667,1.9309832,0.06813197,0.8323773,3.742661837450008,0.14335576048332085,0.7907952278775653,0.054998193,0.03284709,0.00016906063,0.02319454,0.47690308,0.26382825,0.08518798,0.9147036
4410000,3.0259957,4.0880984292370774,246.51612903225808,2.2190428,0.08458661,0.9369107,4.132717041949916,0.12092380189314121,0.7373102856724243,0.05410596,0.034425955,0.0001681405,0.024647921,0.46496937,0.28046077,0.08994538,0.91045886
4440000,3.0502064,4.0858431516254345,247.88793103448276,2.1760428,0.07972442,0.7924279,4.082391381263733,0.12230602397326508,0.7904957209167809,0.049871508,0.03167148,0.00016722179,0.023471354,0.4408498,0.27920854,0.08899721,0.91012293
4470000,3.03395,4.056169649297954,239.816,2.330081,0.09063001,0.66021216,4.056168001174926,0.11709459602087736,0.7157182013716084,0.048314147,0.0334212,0.00016634919,0.02422124,0.43365762,0.28177118,0.08913695,0.9101175
4500000,3.0878968,3.6279200688511732,289.3142857142857,2.0710673,0.091073945,0.7031161,3.5842660474327377,0.14093402014026102,0.8521453742781337,0.058500923,0.033111863,0.00016546076,0.023616565,0.47234613,0.26607817,0.08813437,0.9170398
4530000,3.1098335,3.89161870765926,258.49152542372883,2.1524897,0.08962893,0.8789824,3.882700877311902,0.12343237088977271,0.8054681078682089,0.045716297,0.033541262,0.00016456361,0.023470402,0.50738734,0.28081435,0.08881458,0.9089032
4560000,3.042933,3.994271616508048,258.1651376146789,2.1597867,0.082406506,0.95725644,4.002823626995086,0.13395226811143485,0.7085653769529678,0.059264246,0.032857858,0.00016364842,0.025320921,0.51912653,0.2628256,0.08776592,0.916481
4590000,3.063474,3.9522279722811673,237.43382352941177,2.459181,0.07962016,1.0018548,3.9889081138151665,0.11677992192131502,0.7432099563242108,0.054826792,0.0343798,0.00016274212,0.025184885,0.51619315,0.29313144,0.09540744,0.90720475
4620000,3.0775318,4.050216402325102,242.65454545454546,2.2126656,0.06589061,0.906878,4.004722510372196,0.1228266253580784,0.7175782866239011,0.05640213,0.030406874,0.00016182946,0.02386142,0.5130777,0.26942974,0.08617869,0.9112248
4650000,3.0945017,4.206381641747468,205.9934210526316,2.623382,0.06493931,0.9332178,4.241523223602219,0.10057334349003454,0.6076981225945303,0.041531965,0.032512724,0.00016096345,0.024501693,0.54568344,0.2784838,0.09005955,0.91009784
4680000,3.0569282,3.9449982959511836,261.34513274336285,2.1219761,0.06466458,0.7781167,3.9458760925098857,0.12160598682816577,0.7023656801609075,0.052832756,0.03039423,0.0001600628,0.02310886,0.56096005,0.25823253,0.08280534,0.9172584
4710000,3.076703,4.330768681331986,183.52941176470588,2.5608864,0.065173395,0.9443993,4.2906130836680045,0.09995502456292218,0.6794318859921951,0.065663435,0.031195698,0.00015916475,0.025395565,0.5442911,0.30367807,0.10050384,0.9039493
4740000,3.0814285,3.9518126360723733,237.96062992125985,2.3993657,0.050938666,0.85723644,3.9595687072724104,0.11077499053499196,0.6120522934797918,0.041098073,0.033724055,0.00015825228,0.02338737,0.5386947,0.2545664,0.08251636,0.9188502
4770000,3.1489794,3.981373826465851,254.7295081967213,2.2533712,0.055655275,0.73991054,3.9813737742236404,0.12149808803176293,0.733237475506686,0.051302597,0.031453606,0.00015737367,0.02350496,0.57208145,0.2709158,0.087419555,0.9122129
4800000,3.1891174,3.8073262491126973,275.3495145631068,2.0978734,0.06369108,0.77583045,3.807326194730777,0.13391494761826922,0.7799129025305359,0.047859646,0.030313253,0.00015648549,0.02387908,0.6078385,0.26263636,0.08237812,0.91529554
4830000,3.2195404,3.811365179581367,294.25688073394497,2.114633,0.060485817,0.89292663,3.811365066318337,0.13649434584338183,0.7160691486451553,0.048593935,0.031099366,0.00015555877,0.023034709,0.56621057,0.23340462,0.074716635,0.9263798
4860000,3.1352673,4.165543944066099,216.46762589928056,2.4209723,0.05580795,0.89216185,4.160750732473705,0.10676529728200125,0.6535227310209386,0.047619242,0.030742425,0.00015463728,0.024186473,0.5519572,0.26254183,0.08405203,0.9155741
4890000,3.1812694,4.10339072062925,233.03100775193798,2.3819811,0.056301508,0.75495636,4.108956891756791,0.11883110546578582,0.6634141337699615,0.042216655,0.031441577,0.00015376837,0.025114689,0.53433377,0.2799911,0.092017174,0.9106636
4920000,3.146615,3.8320851812107746,284.9306930693069,2.1328778,0.053390697,0.62339246,3.832085113714237,0.13016014683549063,0.7730074159358398,0.041473273,0.031672217,0.00015284646,0.022432143,0.51351815,0.24240886,0.07537399,0.9224208
4950000,3.169879,4.067210403772308,247.5344827586207,2.2307663,0.06455687,0.71127474,4.063991311322088,0.11704265811359105,0.6544989196583628,0.038908336,0.030191433,0.00015194714,0.023496201,0.53076625,0.24512951,0.080261946,0.9228728
4980000,3.108208,4.124783763481645,229.27407407407406,2.4832733,0.081061184,0.7284579,4.165057798226674,0.10775787755846977,0.6104327570784975,0.047433082,0.034455944,0.00015104469,0.023372263,0.5162858,0.2471417,0.08008405,0.92118627
5010000,3.1429152,4.012330122663175,240.5772357723577,2.3353612,0.07320553,0.6148911,4.01233166843895,0.11388924058405607,0.6791708570441498,0.043887928,0.028543307,0.00015013019,0.023264783,0.4986873,0.25493586,0.08189222,0.9181508
5040000,3.1560216,4.01044116062447,221.0205479452055,2.4811027,0.06623469,0.72916734,4.010441127705247,0.10784208755429885,0.6375605274400075,0.044102687,0.031391628,0.00014925514,0.024540583,0.4921358,0.2680519,0.087220706,0.9166098
5070000,3.1253526,3.961940730332448,250.8728813559322,2.223434,0.07034168,0.70697206,3.9619355676537853,0.12698834845638377,0.7658864482290159,0.050925497,0.030467968,0.00014834567,0.0249845,0.49098894,0.2730842,0.08685439,0.9136615
5100000,3.195282,4.019019697511404,253.35714285714286,2.196122,0.06985962,0.66164005,3.965866074498211,0.12718932011037914,0.6625365711426444,0.046327233,0.032804795,0.0001474522,0.02422186,0.50033766,0.2478246,0.07952954,0.9205805
5130000,3.1549478,4.0903472319317515,243.264,2.2997966,0.07377028,0.8360314,4.090723158359528,0.12413520092517137,0.7032041782736779,0.055076264,0.029819341,0.00014657332,0.025231928,0.4829146,0.26739195,0.08628915,0.9150063
5160000,3.2002852,4.3297738311422105,180.18125,2.6809874,0.07445198,0.88138723,4.370441285893321,0.08778194405604153,0.5410415204940364,0.059360817,0.03356717,0.0001456753,0.023886912,0.43674678,0.2773072,0.090556026,0.90971625
5190000,3.1797898,4.3462025204691015,190.73456790123456,2.6831508,0.087919764,0.9023222,4.309723921714385,0.0961310215797161,0.5107429502017659,0.05418098,0.033297792,0.00014475871,0.02415061,0.4456732,0.2616479,0.08582814,0.9174878
5220000,3.1635647,4.0477165960582795,245.22834645669292,2.3897166,0.09497872,0.87215656,4.043509536319309,0.11476246201034103,0.6993211706183733,0.049794286,0.034385864,0.00014383752,0.023123873,0.45843646,0.27092066,0.085386135,0.91300935
5250000,3.1241217,4.35074047584781,198.18439716312056,2.5800917,0.10931602,1.0320513,4.362195761913949,0.1041001761794513,0.56305097665717,0.06487357,0.03270715,0.0001429301,0.025888084,0.47589228,0.25383937,0.082945876,0.91914177
5280000,3.2448897,3.9043327872925984,255.0353982300885,2.1558495,0.06852109,0.90842736,3.886711472431115,0.1280739846334389,0.7991839620260011,0.05153326,0.035622314,0.00014206265,0.023976834,0.49996275,0.2461707,0.07557326,0.9209432
5310000,3.2336774,4.183192203290554,204.9607843137255,2.6118295,0.06118693,0.8149927,4.183188219865163,0.10936150346194802,0.6084186137688888,0.05987463,0.034664072,0.00014116273,0.026289864,0.4876717,0.2785964,0.08924826,0.9117784
5340000,3.1837265,4.161157291533069,227.38167938931298,2.37498,0.056813642,0.69425815,4.167166662035567,0.12307400787672536,0.6482811113396152,0.056351546,0.031476744,0.00014023631,0.02693838,0.4614301,0.25085193,0.08004673,0.9208836
5370000,3.1932366,4.016623304271529,232.19379844961242,2.3568015,0.053500317,0.81523585,4.010175003670156,0.11600692752836039,0.5963364585477393,0.05397037,0.034139846,0.0001393118,0.024350114,0.47183678,0.24332674,0.076599784,0.92149585
5400000,3.2293253,4.138269110050734,213.53956834532374,2.458448,0.060103793,0.8985813,4.142758290973498,0.11542738046577299,0.5522861764950531,0.05022414,0.030457715,0.00013843508,0.026669465,0.5059733,0.24318236,0.07706257,0.9234382
5430000,3.2560494,4.074572292732327,211.52554744525548,2.4448395,0.05272088,0.76460886,4.069353288542615,0.11139706129983176,0.5827274638071765,0.051846378,0.02891055,0.00013756637,0.025606517,0.50648695,0.24446937,0.07809453,0.9229829
5460000,3.2146378,4.299582067841676,178.1676646706587,2.733664,0.056860197,0.75120735,4.335104158895458,0.0967426729182194,0.467357802862848,0.05161699,0.036153678,0.00013667527,0.02744976,0.4863895,0.26051292,0.083919935,0.9167012
5490000,3.193662,4.139237559884451,211.45833333333334,2.559576,0.052197784,0.8206695,4.1037999934163585,0.1137576636440795,0.625997225191958,0.05493732,0.032211505,0.0001357538,0.0260108,0.4756717,0.25881362,0.08074141,0.9175044
5520000,3.25109,4.431367553959353,182.95,2.5938728,0.061046127,0.944316,4.428812603905516,0.10435682378779605,0.5612963228925781,0.06447612,0.029397827,0.00013484295,0.027562387,0.49886724,0.271086,0.08568474,0.913398
5550000,3.1623454,4.236688204683321,200.04605263157896,2.6090562,0.056572758,1.0512524,4.236725010762089,0.1051816621207093,0.6029591816967648,0.053474724,0.031473693,0.00013396832,0.026411567,0.46285215,0.2818268,0.09199517,0.90972024
5580000,3.1707137,4.636996333532545,133.94883720930233,2.9196742,0.051342756,1.1053497,4.664586045575696,0.08405939386940972,0.41128611395265474,0.0733861,0.03459938,0.00013304954,0.031006245,0.41392162,0.28750694,0.096724145,0.9085677
5610000,3.2386215,4.0334590495173765,246.9262295081967,2.2612052,0.0474331,0.91617364,3.991725165669511,0.1331940646381761,0.6097939786751095,0.048694316,0.031513803,0.0001321533,0.026142938,0.50669533,0.24057588,0.07541657,0.9203042
5640000,3.256754,3.7553115127304975,255.3360655737705,2.2847798,0.041148838,1.2226977,3.7490049413413056,0.11919156429627217,0.5853988733604427,0.044239614,0.03389824,0.00013125634,0.023195602,0.5154716,0.22804062,0.07161155,0.9298554
5670000,3.245057,3.9623512716014346,244.97560975609755,2.2786388,0.04257838,1.3186501,4.007213003751708,0.12406444654050397,0.9392192628446633,0.05785324,0.030559126,0.0001303645,0.025646273,0.55090326,0.25325415,0.079552874,0.91996723
5700000,3.2306616,4.3114015299624,207.97761194029852,2.4191632,0.045306332,1.4468743,4.266992544060323,0.11607233564188676,0.5855302523348981,0.06840318,0.03193046,0.00012945909,0.025502745,0.5253243,0.28292638,0.08486177,0.9111764
5730000,3.2117243,3.826676840588594,271.625,2.3063576,0.04713319,1.4612956,3.836628302008705,0.13112429863221087,0.6220914905116094,0.059837498,0.030581431,0.00012853957,0.02430632,0.51912755,0.22872001,0.07211221,0.92614377
5760000,3.2104785,3.965569531648016,254.84745762711864,2.2820556,0.042956866,1.307082,3.9655694703934556,0.1285012698400829,0.5863365320630877,0.055096034,0.03211085,0.000127642,0.024621801,0.48957756,0.21923712,0.06837648,0.9275336
5790000,3.2516286,3.806931532444583,270.02777777777777,2.1089785,0.048635364,1.1083218,3.796839227743238,0.13528232868743417,0.6597136868268391,0.052309852,0.02788475,0.00012673068,0.024693329,0.5066566,0.21892573,0.069440156,0.93140227
5820000,3.1713042,3.9755405433442776,255.099173553719,2.2258937,0.047169596,1.1131271,3.9891537221010065,0.12781480475028684,0.7032059224799645,0.051236346,0.029657539,0.00012586112,0.025295038,0.4867256,0.25008053,0.07898902,0.92085165
5850000,3.123087,4.1207630301162785,214.77037037037036,2.4593155,0.0350835,1.1497974,4.1142838610445756,0.1109627184786779,0.550765327136854,0.07362005,0.034048673,0.00012497586,0.024386052,0.45371252,0.2390092,0.076901905,0.92582375
5880000,3.2362533,3.8347748296316753,254.35294117647058,2.284763,0.039069004,0.8741387,3.8347747746635887,0.1253141274973124,0.6022893639453569,0.05165405,0.034395132,0.00012407734,0.024373066,0.48523247,0.22566256,0.070356846,0.9262069
5910000,3.1635344,4.348948196995749,189.16666666666666,2.6861951,0.04567456,1.0690765,4.348948173684838,0.10198633084188641,0.5412079515639854,0.066053055,0.03296559,0.00012316111,0.02648357,0.4567418,0.25544024,0.08220794,0.91977566
5940000,3.2209032,4.162810652053987,213.71212121212122,2.4549932,0.051114604,0.9752357,4.162810592037259,0.11290961392506053,0.5093788740676687,0.04941511,0.03358061,0.00012224853,0.025819123,0.47195956,0.22556925,0.07126053,0.92849725
5970000,3.2374737,3.6601383538431733,296.9158878504673,2.119619,0.04112166,0.879618,3.704098102056755,0.13381317997667588,0.6412166012626774,0.03990181,0.029373292,0.00012136354,0.022702117,0.47280258,0.21375409,0.06617015,0.9318213
6000000,3.193324,4.213826550452181,199.35099337748343,2.4866161,0.03850209,0.9975911,4.179527619167378,0.10813724478755735,0.5620254139097309,0.05529944,0.032258704,0.00012043859,0.026182005,0.4385695,0.24333163,0.078915045,0.92591417
6030000,3.174909,4.303671290128103,201.08219178082192,2.5306444,0.03792255,0.7878319,4.2993462246039815,0.10694294517281755,0.5541575821823087,0.052641984,0.031405646,0.00011954041,0.026087394,0.46976122,0.25745556,0.080781884,0.91677576
6060000,3.1984618,3.96962481419596,251.7079646017699,2.2228372,0.03545358,0.7455011,3.970424753374758,0.12041847258641393,0.6570792706534926,0.046511,0.03468183,0.00011865652,0.023940835,0.47901314,0.23727816,0.07584695,0.9263667
6090000,3.22973,3.7518769714483473,303.0769230769231,2.017386,0.036100894,0.5893906,3.760419236925932,0.14795641703172946,0.6061654460902971,0.043270018,0.030325968,0.00011777039,0.023923118,0.52384645,0.19566338,0.061562218,0.93805116
6120000,3.1634755,4.271402754758448,194.10135135135135,2.5845702,0.027638672,0.79422593,4.305536479563327,0.1004923837042313,0.4979039352022212,0.047310386,0.03351286,0.00011686545,0.025333626,0.47443888,0.23181702,0.07354302,0.92693216
6150000,3.1680157,4.0791113290811465,232.95488721804512,2.3406374,0.024331052,0.7221903,4.1309924887535265,0.11353480801882601,0.5494066208353288,0.050710555,0.030460132,0.00011592808,0.024310177,0.4695141,0.22410266,0.07048695,0.93154204
6180000,3.1498206,3.948600059324737,242.0344827586207,2.2048962,0.030726897,0.8391279,3.836972415961068,0.11684640660753538,0.6941594887235812,0.045929365,0.029107733,0.00011504185,0.022477558,0.4709508,0.21892026,0.06707729,0.931222
6210000,3.2365823,3.6979370938059692,286.462962962963,2.132257,0.03654056,0.65759647,3.698038904203309,0.1320120177352456,0.6360539204216804,0.036415283,0.031917386,0.00011416279,0.023177458,0.49550512,0.21470714,0.068033084,0.93408585
6240000,3.157403,4.269144204688502,193.7987012987013,2.6208389,0.03146765,0.7104354,4.270315601841196,0.10137565367153616,0.5042713986809498,0.049095526,0.027742151,0.00011327148,0.025662221,0.5096621,0.24016373,0.07476072,0.92486846
6270000,3.1806753,4.343625376448909,192.34,2.51335,0.042247493,0.5677768,4.346365563916844,0.10383483154440162,0.49647131392004473,0.05308131,0.030501401,0.00011235373,0.026278064,0.52106315,0.23393893,0.074776925,0.92668045
6300000,3.1559165,4.275007045246442,204.7062937062937,2.4609241,0.05339497,0.49754572,4.270364771426563,0.10845065318887502,0.514750993381825,0.060116027,0.03528387,0.0001114483,0.025661824,0.46296448,0.23056303,0.07306863,0.928575
6330000,3.1385856,4.164349685879734,229.85611510791367,2.3628976,0.055082396,0.49996245,4.1698485399995535,0.11607633666800601,0.5423221524006554,0.047502976,0.032545727,0.00011055102,0.025454508,0.4840009,0.22301188,0.07094294,0.93077666
6360000,3.1922185,4.0131536641846175,246.072,2.4113252,0.04461498,0.5106163,4.053575817135073,0.1152562728647383,0.5639010496933253,0.034754027,0.03130567,0.000109618864,0.02362796,0.48015052,0.21825227,0.069393545,0.93080246
6390000,3.2336116,4.11698129539684,221.3359375,2.334692,0.031618245,0.5145357,4.07047810126096,0.11244368825282436,0.5395720961678308,0.04104841,0.031623982,0.00010874169,0.023982467,0.52158874,0.22317475,0.069824755,0.9289398
6420000,3.1750371,4.129405690633781,210.70422535211267,2.5853367,0.025016582,0.64996135,4.129890147649067,0.10485639314914882,0.46080209644065356,0.044278845,0.028365098,0.00010784149,0.02399032,0.49752492,0.21207246,0.06649215,0.9347044
6450000,3.180388,3.9516302005266346,232.4920634920635,2.4192646,0.024343835,0.5656664,3.998325373918291,0.11620613790693737,0.6077621449524212,0.05806412,0.033812378,0.00010696988,0.025521576,0.47785982,0.22580174,0.06753302,0.928148
6480000,3.2014713,4.474532595234693,170.31952662721895,2.631013,0.0265103,0.9123435,4.440050898219002,0.09805671928020623,0.44474902405739714,0.05239719,0.03243362,0.000106058375,0.027466685,0.46583274,0.2407505,0.07708844,0.9247657
6510000,3.1253626,4.213337981080383,212.11724137931034,2.5460331,0.01971031,0.95988464,4.25421930428209,0.11080672124336506,0.5009122054381617,0.05661524,0.03158872,0.00010514272,0.025933305,0.4702846,0.22223943,0.07185393,0.9308074
6540000,3.1770513,4.004714727636091,207.83916083916083,2.5484192,0.02318742,1.0033855,4.004016770766332,0.09836861913229202,0.5342042083562707,0.038795635,0.038761113,0.0001042372,0.023586316,0.46312296,0.23012239,0.07266426,0.92766064
6570000,3.1700783,4.222793838819445,198.2173913043478,2.5824823,0.039892755,0.8978582,4.224655903274228,0.09840028258676854,0.4434097447079716,0.05977606,0.03168387,0.00010335328,0.024531659,0.4745232,0.21994427,0.06717971,0.9308264
6600000,3.1879919,4.133050820248692,224.92857142857142,2.3490396,0.03931837,0.7820445,4.090273979141957,0.11182934013342001,0.6035391306321276,0.050124254,0.03493792,0.00010244415,0.024038179,0.49666372,0.23092273,0.0729949,0.93028986
6630000,3.1644225,4.180299354610693,203.6153846153846,2.5789557,0.03155456,0.8812792,4.180299309166995,0.10446957815959529,0.426928560272302,0.04693493,0.02828253,0.00010154055,0.025495645,0.50044,0.21474853,0.067798175,0.9309508
6660000,3.2124937,3.8397691397401186,269.3727272727273,2.1528924,0.0321377,0.74436766,3.884166961416192,0.12261350784416593,0.6614101025950881,0.052913304,0.029207828,0.00010065104,0.022465106,0.50273186,0.21981211,0.06723597,0.92967564
6690000,3.1548312,4.254333806210088,194.2792207792208,2.6159072,0.044599213,0.7034725,4.215853232454944,0.10068649952239417,0.4485825502619169,0.051137492,0.03356105,9.974443e-05,0.024816219,0.4898269,0.22523452,0.070811935,0.9303089
6720000,3.149621,4.205773001457675,215.75675675675674,2.5101643,0.053111665,0.62000674,4.2458148344948485,0.10373189634127492,0.5081750343099859,0.055879794,0.030334996,9.885314e-05,0.024655623,0.47650027,0.22666642,0.07196055,0.9288101
6750000,3.1845558,4.321372905403197,202.82857142857142,2.5437732,0.0618647,0.63912445,4.283634052631703,0.1040182411736736,0.6442567565881298,0.057592228,0.03426609,9.7939555e-05,0.024335135,0.4943617,0.25168774,0.07711108,0.9251001
6780000,3.2383268,3.884805410499991,254.64285714285714,2.2219498,0.050441712,0.62547445,3.8848053397876874,0.11433017340355686,0.5599917869466091,0.04434926,0.026553713,9.7038195e-05,0.021867704,0.49832946,0.20625344,0.06406466,0.93447536
6810000,3.2179983,4.033171680119241,223.4822695035461,2.4448247,0.04789924,0.6474687,4.027045724647386,0.10449256712038602,0.45963833289985945,0.047506116,0.033296254,9.6149575e-05,0.023035087,0.4995178,0.19962059,0.06135748,0.93506694
6840000,3.1172698,4.284730032229189,213.0857142857143,2.4904087,0.0493057,0.68599856,4.284317130276135,0.10437532027385064,0.4878488683274814,0.050524976,0.030079458,9.526637e-05,0.02378838,0.4756742,0.21111713,0.067607805,0.9352202
6870000,3.1607933,4.160950044399411,203.14864864864865,2.4953885,0.050477926,0.69695634,4.162885126229879,0.09622500901034958,0.4578365190709765,0.05285584,0.03084282,9.4345e-05,0.023611741,0.45301336,0.22647527,0.070633456,0.9294125
6900000,3.1416633,4.276715089989867,187.9281045751634,2.6446981,0.05555825,0.77003855,4.2792182108024495,0.09242957153405945,0.4375310286202214,0.05641357,0.02956181,9.345345e-05,0.023777554,0.4803765,0.21511672,0.06839716,0.9316192
6930000,3.2342498,3.726798292466954,274.10526315789474,2.1946285,0.05395955,0.5919358,3.7159327389919654,0.12198514797090165,0.5608768793465817,0.03970458,0.03267727,9.257499e-05,0.021941401,0.50293374,0.19909917,0.06136131,0.9361859
6960000,3.207885,4.245632060666491,198.30666666666667,2.5455408,0.0522035,0.6959636,4.250327158842655,0.10237176332080009,0.44288872925576983,0.04582003,0.032311067,9.164547e-05,0.025444627,0.47237328,0.22128293,0.07050705,0.93125516
6990000,3.139609,4.015473906160668,227.57692307692307,2.5076995,0.044086516,0.74679774,4.015473861877735,0.10374361854046583,0.48534248270936164,0.039514907,0.029866325,9.0741596e-05,0.0223955,0.449117,0.21090986,0.06548689,0.93281597
7020000,3.1230783,4.312213659718503,199.3469387755102,2.517652,0.038794562,0.8650384,4.350653443026216,0.09874219364448361,0.44924452710794666,0.06481411,0.031566747,8.985183e-05,0.024443181,0.4418973,0.21533287,0.0683092,0.93292063
7050000,3.2119386,4.350711013447591,180.8719512195122,2.6646965,0.03778479,0.9152145,4.312978049240461,0.09339446613633233,0.46609076809864947,0.0505787,0.030718762,8.893114e-05,0.024662863,0.45982185,0.22539243,0.07106137,0.92909634
7080000,3.1891446,4.188124714664934,211.15753424657535,2.545079,0.040583566,0.9171524,4.187984920527837,0.10065096563162053,0.45690183085389435,0.05098675,0.028317202,8.805293e-05,0.024186578,0.45932576,0.21999344,0.070105106,0.9319292
7110000,3.252375,3.668011684516457,281.6504854368932,2.026347,0.037371263,0.921111,3.6799403618161497,0.12196557719009714,0.5335275632074067,0.03315176,0.030009048,8.716667e-05,0.021547806,0.47479895,0.18514651,0.057358656,0.9416816
7140000,3.146946,4.1872460083251175,203.9527027027027,2.5305448,0.046947896,1.0834249,4.182134702497599,0.1007841469745348,0.4660769441500813,0.06556547,0.03323272,8.627555e-05,0.02414788,0.45457867,0.21951546,0.067465626,0.9298802
7170000,3.208377,3.67147883114442,286.3333333333333,1.9758444,0.052112985,0.93981767,3.6718525043641677,0.12334048841148615,0.5720967447968445,0.035464965,0.030971956,8.5351756e-05,0.020891769,0.4875581,0.17967346,0.05774903,0.9457856
7200000,3.1909382,3.9857431146433764,234.30769230769232,2.3695498,0.057305407,0.9405253,3.9927343303010665,0.10996620039960356,0.4643231752890212,0.054006614,0.029957272,8.444154e-05,0.02362161,0.46748716,0.19151047,0.05793347,0.94067043
7230000,3.183051,4.089563441871703,222.3661971830986,2.4381158,0.060885847,0.88628256,4.085591481509784,0.10707601102346435,0.4801290955077461,0.048057444,0.03353182,8.354328e-05,0.02375802,0.4148289,0.20374316,0.06409117,0.93656003
7260000,3.1838925,4.450685614485636,149.6218905472637,2.8602953,0.061634623,0.9815637,4.451077625229584,0.08244669749702684,0.3517577787328382,0.055020567,0.029240552,8.26577e-05,0.02667767,0.4101418,0.22090426,0.071051046,0.93062025
7290000,3.2411954,3.9642683321660255,235.7560975609756,2.333779,0.051812675,0.7276443,4.001842609683021,0.10244659667254472,0.44701414753789787,0.040461667,0.033115454,8.1754006e-05,0.022439148,0.43094063,0.19292675,0.060992803,0.94039
7320000,3.1916142,4.154126431712736,210.42361111111111,2.4465826,0.058520474,0.6806867,4.122524129522258,0.11036931305224526,0.4649123603867463,0.054174416,0.031579882,8.085054e-05,0.025157373,0.4080666,0.21054736,0.066179186,0.9341828
7350000,3.1564837,4.382870844460771,172.06741573033707,2.6678717,0.054203898,0.68452,4.3795528318105115,0.088531740020249,0.39352005836292264,0.059148658,0.03294537,7.995339e-05,0.025312683,0.4329668,0.20672584,0.06625427,0.937848
7380000,3.2018518,4.403370545252864,156.62841530054644,2.8197613,0.055490535,0.6641827,4.406448898432047,0.08143999240786323,0.3507583465265191,0.05251149,0.031960968,7.902788e-05,0.025741939,0.42051437,0.21305834,0.06746512,0.9323402
7410000,3.2263489,4.123273176689712,215.49253731343285,2.4530365,0.056100003,0.67390454,4.1232731111014065,0.10582448519877534,0.47449456055217715,0.054683097,0.029320668,7.815093e-05,0.023543952,0.41065532,0.20127,0.0643831,0.9376101
7440000,3.2376,3.838045920760941,277.57798165137615,2.1678975,0.051177688,0.683838,3.889318503163479,0.11632827353767222,0.5900164484908735,0.04349032,0.035549764,7.725471e-05,0.02074747,0.41231993,0.18054654,0.05483042,0.94261456
7470000,3.1848576,4.364713524941752,168.8370786516854,2.7036052,0.05069001,0.91217244,4.3276943842346745,0.08587507596971948,0.346308331068061,0.05544464,0.03143092,7.634399e-05,0.024696233,0.3953012,0.19967023,0.06326384,0.9364277
7500000,3.1989775,4.35202969084783,182.44444444444446,2.675424,0.05444282,0.9197278,4.389002474001896,0.08907650143230035,0.39148038315851197,0.058757275,0.03077505,7.54373e-05,0.024580214,0.4235306,0.20171079,0.06374892,0.937386
7530000,3.228794,4.190698559410955,221.20149253731344,2.4079442,0.052171405,0.79452455,4.146602998918562,0.11099911442221101,0.5053832136692284,0.05093271,0.032033406,7.4531985e-05,0.0239152,0.43404177,0.19627008,0.06284563,0.9396816
7560000,3.2468553,4.140344660040081,214.3153846153846,2.4083185,0.060068075,0.7586641,4.141758431838109,0.09982951727624123,0.44634932508835423,0.047118858,0.032862864,7.365151e-05,0.022696646,0.42741996,0.19652201,0.059762683,0.93706745
7590000,3.2568986,4.263180034974015,189.62941176470588,2.6581948,0.06440339,0.6885887,4.296267065230538,0.09221149377305718,0.37263030725914764,0.045302566,0.03191986,7.27629e-05,0.024203982,0.42481682,0.19631971,0.060969353,0.93951327
7620000,3.227574,4.324922087967305,185.11320754716982,2.671939,0.060468532,0.66082597,4.324924556714184,0.08891819996185273,0.3903698934675575,0.047862705,0.031576283,7.18634e-05,0.024018606,0.43197927,0.21059552,0.06744216,0.93556035
7650000,3.2377572,4.382277394838593,167.34254143646407,2.8109193,0.055209465,0.73507845,4.349899462244129,0.0850783355369423,0.37548047457487216,0.043545015,0.03085856,7.095176e-05,0.024613071,0.42837623,0.21492034,0.067247815,0.93429923
7680000,3.2332497,4.093603194414869,226.11811023622047,2.3159978,0.046755396,0.64789575,4.092840946096135,0.10667766455384925,0.490767631448776,0.05077895,0.031604502,7.0047754e-05,0.023198454,0.47436503,0.20045544,0.061311703,0.93748724
7710000,3.2536137,4.207875384272956,197.92207792207793,2.6437304,0.04205001,0.790821,4.246554576731348,0.0947304435267851,0.43214117322576706,0.046090823,0.028385757,6.9150185e-05,0.023969142,0.46780953,0.21146807,0.066873014,0.9333468
7740000,3.2748003,3.947072316287134,238.7058823529412,2.2696242,0.03819279,0.7130804,3.9058533281087877,0.10604129900069287,0.45817495678008224,0.03472427,0.034100566,6.825566e-05,0.021645831,0.48212615,0.18252693,0.05646489,0.94270945
7770000,3.1573792,4.306248911145634,187.89772727272728,2.677285,0.044277687,0.77494144,4.304993133544922,0.09582103696252618,0.3966409260247435,0.056943785,0.032536294,6.732037e-05,0.026018323,0.45654148,0.2098187,0.06738476,0.9362362
7800000,3.190485,4.243409892826683,206.5281690140845,2.5476923,0.03969885,0.79433846,4.245386031957773,0.09992415906692093,0.43855779349048446,0.046714183,0.031676035,6.6441724e-05,0.023848908,0.4534162,0.21187952,0.066305764,0.9326439
7830000,3.2266176,4.270812885638756,190.6153846153846,2.5099766,0.03402413,0.854201,4.304814221782069,0.09107063451721784,0.40555063618887816,0.058294594,0.028721217,6.553656e-05,0.023593618,0.48382667,0.20041929,0.06433065,0.9378689
7860000,3.2362294,4.217006057094261,218.3684210526316,2.4832385,0.03862578,0.7857736,4.173547356200397,0.10592049912066388,0.4570754684045687,0.047533568,0.032561954,6.462318e-05,0.02317379,0.46935654,0.19798698,0.063555494,0.9398662
7890000,3.2073913,4.2743916526647245,201.8111888111888,2.4732592,0.043929283,0.7845777,4.2737985916071,0.09884813673862654,0.42199112331637967,0.057600822,0.0322181,6.374244e-05,0.023791036,0.4636102,0.19496924,0.06264484,0.939265
7920000,3.248314,4.195013384542545,209.58666666666667,2.4836745,0.04599742,0.8080044,4.234114683469136,0.096369613353163,0.41464042976498605,0.059083913,0.031988475,6.284918e-05,0.023418257,0.4759489,0.19175707,0.060107924,0.94009846
7950000,3.2728775,4.079311525340017,230.59016393442624,2.3465276,0.04667231,0.8420367,4.03801787190321,0.10243573945348824,0.40914632741937307,0.04695528,0.032028213,6.195077e-05,0.021446712,0.46306494,0.17447886,0.053585336,0.9448779
7980000,3.26319,4.017064174027351,234.09923664122138,2.4013348,0.04913837,0.8676769,4.013473813808881,0.10225267629497327,0.4254881039261818,0.0413365,0.031920448,6.104582e-05,0.021540236,0.46427447,0.176188,0.055594586,0.9473796
8010000,3.2538996,4.0374159284715825,232.47619047619048,2.3310792,0.046273906,0.951142,4.084112693866094,0.09991021225938485,0.5553273704671671,0.052333675,0.03187618,6.0116985e-05,0.0214197,0.4562551,0.21353629,0.0662382,0.93386847
8040000,3.2194283,3.911187037144484,240.8861788617886,2.214511,0.041659363,1.0125105,3.8595268173915582,0.10493300729469071,0.5063316714022369,0.049209848,0.031655435,5.92341e-05,0.020716386,0.45012397,0.18181244,0.055953093,0.94422925
8070000,3.2384324,4.436719074821656,176.11042944785277,2.6839626,0.04540465,1.1642165,4.439874404450742,0.08912965379337348,0.38699319968340784,0.057919983,0.030118892,5.833682e-05,0.02452541,0.4209713,0.20588548,0.06422251,0.9357273
8100000,3.2579281,3.976891648830119,238.3969465648855,2.4097986,0.043338843,1.0555627,3.9768915968086884,0.10548327160814336,0.45804273263144285,0.045153823,0.035096887,5.7453693e-05,0.022360167,0.44391945,0.19041865,0.058605805,0.9408799
8130000,3.2361457,4.209044203301854,199.28571428571428,2.56057,0.035496622,1.2667757,4.205030082487593,0.09441159115312925,0.3881192100812602,0.047642257,0.031949837,5.6570454e-05,0.023220262,0.44125482,0.18970415,0.05897731,0.9417308
8160000,3.1792638,4.445617732762369,166.40883977900552,2.7785046,0.033158105,1.2653475,4.447692338581923,0.08638624425281535,0.4741853061746192,0.083927765,0.032809388,5.5662385e-05,0.025558183,0.42532846,0.21996967,0.065198496,0.9334607
8190000,3.2570927,3.9632078666223833,234.484375,2.4046988,0.024786212,1.2545636,3.9632078274153173,0.10519047945126658,0.41290755540831015,0.04417995,0.033665005,5.477106e-05,0.022132646,0.45550644,0.17925724,0.055626273,0.9441671
8220000,3.234578,4.281805663818263,210.48951048951048,2.4710917,0.030626578,1.1982917,4.279204227554966,0.09497419107888996,0.496674415052042,0.055927467,0.02693714,5.3834472e-05,0.022685627,0.45203152,0.20675872,0.06391479,0.93546957
8250000,3.2200398,4.109695707387827,217.768115942029,2.4482408,0.03494403,1.0686738,4.107659448748049,0.10208625844477312,0.3946432918715088,0.050823297,0.028087597,5.2939027e-05,0.022083469,0.4331442,0.16943733,0.052155014,0.9469917
8280000,3.2053242,4.388423110256367,176.85256410256412,2.6376321,0.029848317,1.3200302,4.39188659874497,0.08285032080450824,0.3486368821835246,0.052330185,0.0276171,5.205339e-05,0.023436666,0.43405145,0.19639607,0.060414065,0.93805844
8310000,3.1655152,4.434320044208102,171.85714285714286,2.7547884,0.0439031,1.134226,4.465547155032213,0.08424996910081513,0.3590090879675365,0.069463246,0.034205973,5.114111e-05,0.024423728,0.4269647,0.19542223,0.05992719,0.9404523
8340000,3.198562,4.1531021766161675,214.19148936170214,2.4732153,0.05223526,1.0428203,4.15310781898228,0.09474939988358012,0.3899071449149691,0.049112596,0.030022245,5.0252136e-05,0.022151453,0.4434554,0.17867266,0.05543048,0.94574326
8370000,3.1904876,4.094459914138397,233.89763779527559,2.4165432,0.056157112,1.0717826,4.054659402463585,0.10663348613161361,0.4714414146656054,0.053580172,0.030315002,4.9343875e-05,0.021741597,0.40269822,0.18076347,0.05494347,0.944207
8400000,3.2389922,4.02876953530547,229.2290076335878,2.411065,0.055383895,1.0933486,4.023795401591521,0.09952466255053878,0.4365253179369924,0.042341538,0.030762592,4.8441005e-05,0.021549242,0.4529926,0.18959554,0.058378957,0.9410977
8430000,3.2542937,4.15727040635187,206.80689655172415,2.549811,0.056135613,1.1450258,4.196408274667016,0.09667618814213523,0.42492170359232817,0.044937804,0.031536356,4.7562e-05,0.023035254,0.41731212,0.19455555,0.06088298,0.9399211
8460000,3.237152,4.210662997652263,208.14685314685315,2.4448588,0.055549044,1.0479898,4.169362263246016,0.0921868913004279,0.4150969411445524,0.05131216,0.03134025,4.6666388e-05,0.020990735,0.4236041,0.18210182,0.05600811,0.94244194
8490000,3.2852147,4.055552446963413,236.53968253968253,2.3604498,0.053992145,0.96081215,4.055115867701788,0.1012893336056362,0.4084934239379234,0.053370547,0.031851735,4.5724704e-05,0.02132909,0.42037818,0.17097758,0.05301259,0.9466713
8520000,3.230121,4.2428471204864975,215.24264705882354,2.4258616,0.051103886,0.9109103,4.24809197961849,0.09785207905500692,0.374881711931233,0.061673827,0.028919157,4.483567e-05,0.022741992,0.398033,0.172624,0.053723734,0.946503
8550000,3.2463715,4.1852462883201405,207.20408163265307,2.4621177,0.050156407,0.90544057,4.185246232415543,0.09168301320628447,0.4165980776670535,0.048395324,0.028678786,4.3960725e-05,0.021259177,0.40264735,0.18495953,0.05741369,0.9432693
8580000,3.244774,4.099421342815531,210.4468085106383,2.5686061,0.052795455,0.8543482,4.135844319207328,0.09183927762455174,0.5140226224437356,0.044391252,0.0328268,4.306578e-05,0.02184408,0.40981948,0.20517455,0.06391289,0.93847775
8610000,3.2685325,4.093802770518747,206.7891156462585,2.5376225,0.050317764,0.87090546,4.0593864857345014,0.09398574853391461,0.40366119136278694,0.045992486,0.030336391,4.215306e-05,0.02160942,0.39481235,0.18702388,0.05630813,0.94180214
8640000,3.2759128,4.085040875866724,213.5281690140845,2.3946662,0.04636836,0.82019615,4.121812752798094,0.09228236937618002,0.42108974331025534,0.055423904,0.034022223,4.1236348e-05,0.02186648,0.39469478,0.1877424,0.058610234,0.944177
8670000,3.2827408,4.085857972147641,203.04137931034484,2.5572333,0.044820856,0.773809,4.050339728185575,0.09000736047603088,0.34669998775504224,0.03647908,0.031693973,4.033229e-05,0.021688376,0.40494215,0.1689999,0.052092724,0.9469795
8700000,3.2283647,4.049552123370909,236.49586776859505,2.2108846,0.047239065,0.69499993,4.0495520692226314,0.10470871446454082,0.4217257568735845,0.052776273,0.029371519,3.944232e-05,0.021380657,0.4493976,0.16934247,0.05229307,0.9486745
8730000,3.2162466,4.123067683049051,223.93382352941177,2.4135365,0.04986585,0.7036169,4.161011866286949,0.10113868023510332,0.4150957869710746,0.054635894,0.030448142,3.853389e-05,0.022568136,0.42745426,0.18421087,0.056244165,0.942356
8760000,3.2135708,4.384854810071504,181.6904761904762,2.5854483,0.050630648,0.69784164,4.3848571461581045,0.09186320736383398,0.37533713494693594,0.056191053,0.032980528,3.763802e-05,0.025238575,0.41136187,0.19726937,0.061413664,0.9407237
8790000,3.2269244,4.280675690480749,187.17307692307693,2.5963857,0.050764594,0.61977005,4.242700002514399,0.08957772767201114,0.3849732269124779,0.046667926,0.03259092,3.673425e-05,0.022884056,0.4054684,0.18324852,0.05490806,0.94209784
8820000,3.2007127,4.029661342857341,226.03225806451613,2.420781,0.043813217,0.5865153,4.036819222927093,0.09761383127048612,0.38438144214451314,0.02934594,0.03145773,3.583807e-05,0.021090528,0.42084187,0.16269046,0.04862825,0.948108
8850000,3.19495,4.162535613639559,205.8724832214765,2.4992695,0.04193777,0.6548914,4.159047289071856,0.09191482931979604,0.3974886111785321,0.04709105,0.031090863,3.4964007e-05,0.022010412,0.41973507,0.18029007,0.057339434,0.945433
8880000,3.2026153,4.214851705670443,203.64238410596028,2.410603,0.043409217,0.61753297,4.252454295458383,0.09802947585649838,0.365210294452132,0.058834147,0.031466607,3.4053846e-05,0.024300572,0.4200984,0.18406595,0.058071952,0.94261545
8910000,3.1920183,4.225845985650144,206.50675675675674,2.5363226,0.04446302,0.6427708,4.190778514282815,0.09407736199764197,0.4007151066356857,0.046398077,0.0305779,3.3141165e-05,0.0220861,0.4228762,0.1808816,0.05488611,0.9457454
8940000,3.2274086,4.287589567990687,193.98692810457516,2.5352612,0.040937383,0.61177534,4.322372339273754,0.0902185375606151,0.37432441484844803,0.051200315,0.029925926,3.2252527e-05,0.023331594,0.4234835,0.18211366,0.05819588,0.9445167
8970000,3.2508094,3.8041436816990344,262.3727272727273,2.193476,0.037479207,0.54243606,3.7502436253157527,0.11094564133620059,0.3811479212885553,0.03515916,0.02801221,3.1361113e-05,0.020016545,0.46090367,0.151531,0.04658186,0.9525071
9000000,3.1875026,4.277507836200331,184.61676646706587,2.683484,0.034149814,0.6642814,4.281389302086263,0.08877881367446944,0.37998634533834685,0.051571988,0.03050119,3.0442567e-05,0.024224415,0.4193445,0.19234082,0.061685566,0.9409444
9030000,3.2450385,4.210891233492743,219.2941176470588,2.4156995,0.03784528,0.66580003,4.20538815524843,0.09719044723444514,0.39326783177201396,0.041137632,0.034718905,2.9547333e-05,0.02139288,0.45959982,0.17008413,0.04976871,0.9456505
9060000,3.192064,4.083550049936414,220.8014705882353,2.4755235,0.042859547,0.6068568,4.093000003520181,0.10461272810147527,0.434343692199464,0.070515975,0.036217786,2.8651893e-05,0.023775911,0.43975067,0.1835785,0.058027778,0.94437945
9090000,3.1353495,4.314788209450498,179.7869822485207,2.6239135,0.043739323,0.6099693,4.342410640251002,0.08676836319466139,0.3695401251302294,0.061247136,0.031512402,2.7766328e-05,0.023768786,0.37931293,0.19664417,0.05986653,0.9393918
9120000,3.1871078,4.3064333967485195,190.86666666666667,2.6101,0.04061403,0.6262812,4.271688018242518,0.08909808605288466,0.4413591349000732,0.049860377,0.03186368,2.6851956e-05,0.022259964,0.4050481,0.1873608,0.05710017,0.9432645
9150000,3.237362,4.016420875625752,216.86111111111111,2.4811685,0.037032392,0.641982,4.052615251392126,0.09932958094092707,0.37369038740709787,0.046781387,0.03391594,2.5939018e-05,0.023234013,0.44248915,0.17379488,0.0537245,0.94648945
9180000,3.2322025,4.284519180850539,208.13970588235293,2.3381064,0.04174436,0.6122827,4.284517699304749,0.09941228359307655,0.4203523468964062,0.057129603,0.034019418,2.506088e-05,0.022879627,0.4017091,0.18539764,0.05634701,0.94251376
9210000,3.229501,4.304322852736934,184.4327485380117,2.6598573,0.037975527,0.6776634,4.271093572092335,0.0872839644104678,0.3459238903869314,0.047343202,0.029801158,2.4139299e-05,0.02350917,0.41221517,0.182242,0.057859723,0.94572407
9240000,3.2145152,4.135559131815336,222.00757575757575,2.327808,0.034618117,0.55219877,4.139672184797158,0.09820829231039922,0.37609505009858457,0.049523924,0.031418275,2.3239387e-05,0.022062838,0.42470172,0.17103617,0.052628797,0.9471136
9270000,3.2756224,4.075933372330554,216.63703703703703,2.444716,0.030371567,0.58523333,4.075933335887061,0.10214283986500015,0.3849268080557791,0.047308452,0.0277628,2.235117e-05,0.022490194,0.4260578,0.16773964,0.051727336,0.94810265
9300000,3.239622,4.180365597777472,193.0728476821192,2.5701702,0.030923754,0.6095031,4.21489999294281,0.08600434033821026,0.31837824632724127,0.041059326,0.032160528,2.1448557e-05,0.022209203,0.4012416,0.16519678,0.051316272,0.9482409
9330000,3.2621891,4.342268202373857,171.0,2.751311,0.034997426,0.60567635,4.342265929589725,0.0802359985179195,0.311140334852789,0.052180603,0.031853266,2.0556228e-05,0.023077222,0.39860362,0.17941543,0.057018436,0.9463851
9360000,3.2708786,4.426263394814385,166.94444444444446,2.7111971,0.037078574,0.6264877,4.426262245575587,0.07787844498331348,0.35334815995560753,0.05261495,0.03311067,1.9668156e-05,0.022743765,0.38714424,0.18620797,0.057437964,0.94336015
9390000,3.2456386,4.225951393939475,211.8108108108108,2.5380626,0.03712475,0.6039444,4.18881081648775,0.09781733603921493,0.4524503315333277,0.051268604,0.027930643,1.8738401e-05,0.02320875,0.39737982,0.19405434,0.06062012,0.94131994
9420000,3.222405,4.2543203268522465,185.47297297297297,2.5473154,0.040191248,0.60797226,4.251285150647163,0.08599000986086557,0.32831168607053524,0.04893953,0.029976951,1.783316e-05,0.021628756,0.39025205,0.16918261,0.051472254,0.94784826
9450000,3.2312417,4.202038504014453,191.42948717948718,2.7130616,0.03483715,0.6570314,4.240799999771974,0.08185394496346514,0.35921296029865074,0.037681755,0.033152733,1.6971146e-05,0.02181868,0.41383982,0.17971116,0.054705236,0.9448132
9480000,3.2633834,4.2274815411002225,193.4506172839506,2.6085663,0.0341632,0.63095474,4.190396316993383,0.09114020175794944,0.3781794122201793,0.04928202,0.033417877,1.6059557e-05,0.022877868,0.39849395,0.18357518,0.056801192,0.9444264
9510000,3.2732074,4.402645279170992,162.17261904761904,2.638343,0.0316745,0.64421725,4.403691662918954,0.0778331279455285,0.29343156447014607,0.055608008,0.03279666,1.5159992e-05,0.023365233,0.41181776,0.18146515,0.0558646,0.9443932
9540000,3.2856696,4.398260790993202,166.48167539267016,2.7325215,0.027907643,0.6371861,4.397064940155489,0.08285244968744161,0.3447563870823991,0.058511727,0.02872691,1.4232626e-05,0.024644453,0.3885028,0.1996727,0.060326286,0.9384432
9570000,3.3035653,4.280244492815946,195.49019607843138,2.6278467,0.017702887,0.65510017,4.2846610310015745,0.08702496793604904,0.32204793386657227,0.049654365,0.029401567,1.3326148e-05,0.022160253,0.41800132,0.16906779,0.05266693,0.9483185
9600000,3.2461941,4.347185838809213,168.67455621301775,2.7489233,0.019466538,0.6423019,4.379013064716544,0.08075379572498302,0.3068908153377595,0.03909453,0.029273484,1.2453606e-05,0.02380516,0.39846808,0.17767403,0.055415764,0.94574535
9630000,3.282153,4.309899424188724,188.14723926380367,2.6280887,0.026204156,0.61607665,4.3098956810916125,0.08664499659754016,0.31786674952300187,0.054210484,0.031834178,1.1558181e-05,0.022613887,0.37749153,0.16903709,0.051443655,0.9467181
9660000,3.2889905,4.512291671495638,166.9217877094972,2.7409973,0.03410265,0.69834596,4.481672241621547,0.08492529904987249,0.30492117625609455,0.054521203,0.03398111,1.0640311e-05,0.024787772,0.40378028,0.17593041,0.054510634,0.9460381
9690000,3.291392,4.270957707303379,203.45255474452554,2.417189,0.04025396,0.60282075,4.268422087325769,0.0943755974773975,0.3556196634548114,0.045490064,0.028441835,9.765992e-06,0.022509,0.41857862,0.16685168,0.050557647,0.94757277
9720000,3.2973554,4.156605131691136,196.78343949044586,2.674143,0.0456773,0.6839053,4.156909535265273,0.08961710496360709,0.3205976069424373,0.03511031,0.029688027,8.867052e-06,0.022960525,0.40234405,0.16736881,0.05088699,0.94858676
9750000,3.3087103,4.313579240543253,179.34104046242774,2.6870117,0.046365265,0.71318495,4.311406968645967,0.08155553503166561,0.2970506645889813,0.04635605,0.034276683,7.951275e-06,0.021839198,0.38745674,0.16514803,0.050088726,0.9479948
9780000,3.2927568,4.240402617688186,191.38216560509554,2.6544187,0.043208543,0.6623072,4.278896818115453,0.08557988925700545,0.531518721894456,0.04961454,0.030692844,7.044138e-06,0.022392852,0.41221994,0.20794772,0.064592116,0.9421531
9810000,3.3296127,4.251498772931275,179.85897435897436,2.6193688,0.03890284,0.6562431,4.2126615681709385,0.08482066530567141,0.3009524264683326,0.039707534,0.030718496,6.1545466e-06,0.022657705,0.420453,0.17568395,0.05152959,0.94263065
9840000,3.2982373,4.265894183005987,185.18823529411765,2.6924462,0.040589806,0.6873999,4.269946220674012,0.08720064888114644,0.40073551994623147,0.050103012,0.028173506,5.2543264e-06,0.023530995,0.42526475,0.19890963,0.06338098,0.94229907
9870000,3.2993581,4.461593713618217,158.9100529100529,2.7845511,0.03759699,0.70118755,4.461593694472439,0.07510489133240843,0.30186482392763964,0.05873541,0.028422793,4.3549057e-06,0.023013506,0.40829372,0.18399262,0.05559692,0.94334114
9900000,3.2808018,4.145325050729618,217.1985294117647,2.4542675,0.0339084,0.5993043,4.145324994097738,0.09237015826682396,0.3546400351093753,0.051516354,0.033016954,3.4592333e-06,0.021264283,0.42834717,0.17118585,0.052015793,0.94764835
9930000,3.3019001,4.042468892268338,232.19672131147541,2.1881716,0.03592104,0.54992634,4.042468837050141,0.09809439533130555,0.39774641620575407,0.04555705,0.032184582,2.5637094e-06,0.020790549,0.42135048,0.16353521,0.048969626,0.9496965
9960000,3.3175745,4.060801464758492,210.2394366197183,2.470199,0.03524138,0.6069397,4.096693602014096,0.08969961650378949,0.3528583248390268,0.04928102,0.027262397,1.6773866e-06,0.02145806,0.42637455,0.16420764,0.05234546,0.9516497
9990000,3.2906826,4.289527331193312,179.07386363636363,2.6601596,0.035897948,0.6568226,4.290090931071476,0.08006731499071149,0.3273132588206367,0.047097262,0.030649,7.529626e-07,0.022321785,0.42098537,0.17656003,0.05468315,0.94508696
